{"pre-processing": 0.8293559551239014, "execution": 6.561163663864136}