{
    "0.0": 1196020.1894250335,
    "0.0001": 1199953.390556013,
    "0.0005": 1202838.2181064247,
    "0.001": 1216585.3104979987
}